"Name","Length"
"glitched-art-dog-cat.png","2257692"
"rabbit-teardown-xray.png","1925384"
"rabbit-r1-thumb.png","1925384"
"code-lock-breaking.png","1898727"
"dual-3090-monster.png","1822945"
"antigravity_agent_comparison.png","1769126"
"rpi-cluster-mess.png","1769126"
"smiling-waveform.png","1757132"
"dead-internet-server-farm.png","1747033"
"digital-eviction-notice.png","1706679"
"binary-fingerprint-scanner.png","1684474"
"editor-war-thumb.png","1660272"
"samurai-editor-war.png","1660272"
"cursor-vs-windsurf-thumb.png","1660272"
"killer-fridge-ransomware.png","1659359"
"cloud-collapse-render.png","1511388"
"subscription_apocalypse_hero.png","1511388"
"toaster-blueprint.png","1435857"
"flipper-zero-thumb.png","1276974"
"flipper-thumb.png","1276974"
"flipper-zero-neon-waves.png","1276974"
"hero_image.png","1263137"
"plex-jellyfin-hero.png","1131123"
"local-jarvis-thumb.png","1078369"
"local-jarvis-desk.png","1078369"
"lonely-bot-liking-itself.png","1027363"
"hallucination-city.png","924243"
"moe-dragon-rpg.png","899507"
"credential-badges.png","893153"
"standing-desk-hero.png","884263"
"vertical-monitor-hero.png","864709"
"cloud-backups-deleted-hero.png","861270"
"fiber-optic-garlic.png","843445"
"moe-timeline.png","837704"
"opensource-future-hero.png","800969"
"antigravity_flow_hero.png","776683"
"starlink-sky-hero.png","775808"
"vibe-coder-rise-hero.png","765522"
"windows12-spyware-hero.png","730373"
"dead-internet-theory-hero.png","705367"
"openai-gpt-garlic-hero.png","700496"
"voice-interfaces-hero.png","662961"
"right-to-repair-hero.png","659329"
"trackball-ergonomic-hero.png","653166"
"zigbee-matter-hero.png","646146"
"smart-fridge-evil-hero.png","502593"
"smart-fridge-thumb.png","502593"
"impossible-maze-render.png","437175"
"glitched-art-dog-cat.webp","328058"
"player.jpg","247905"
"sprites4.jpg","247905"
"sprites3.jpg","240411"
"sprites2.jpg","228924"
"article_thumbnail.png","228733"
"rabbit-teardown-xray.webp","219874"
"sprites.jpg","200248"
"samurai-editor-war.webp","137702"
"dead-internet-server-farm.webp","134608"
"moe-timeline.webp","125766"
"dead-internet-theory-hero.webp","108618"
"opensource-thumb.png","6262"
"antigravity_ignition_quickstart.png","6262"
"dark-patterns-thumb.png","6262"
"vibe-coding-thumb.png","6262"
"dead-internet-thumb.png","6262"
"default-thumb.png","6262"
"uncanny-voice-thumb.png","6262"
"fingerprint-thumb.png","6262"
"fingerprinting-thumb.png","6262"
"god-tier-rig-thumb.png","6262"
"hivemapper-thumb.png","6262"
"pi-cluster-thumb.png","6262"
"solarpunk-thumb.png","6262"
"local-llm-thumb.png","6262"
"mac-paperweight-thumb.png","6262"
"mac-studio-thumb.png","6262"
"saas-thumb.png","6262"
"nas-hoarder-thumb.png","6262"
"nas-thumb.png","6262"
"nightshade-thumb.png","6262"
"opensource-giants-thumb.png","6262"
"prompt-injection-thumb.png","6262"
"post-saas-thumb.png","6262"
"gpu-rig-thumb.png","6262"
"meshtastic-thumb.png","6262"
"TheMindoftheMachine.png","2"
